"hypo.12h.H.2","hypo.8h.M.1","norm.control.U.1","hypo.4h.U.2","hypo.8h.M.2","hypo.8h.H.1","norm.control.M.3","hypo.4h.U.3","hypo.8h.H.3","hypo.4h.M.3","hypo.12h.H.1","hypo.4h.M.1","hypo.4h.M.2","norm.control.M.1","hypo.12h.U.3","norm.control.U.3","hypo.8h.H.2","hypo.4h.H.2","hypo.12h.U.1","hypo.4h.U.1","hypo.8h.U.2","hypo.8h.U.1","norm.control.H.1","norm.control.U.2","norm.control.H.3","hypo.12h.M.1","hypo.8h.M.3","hypo.4h.H.3","hypo.12h.U.2","hypo.12h.M.3","hypo.12h.H.3","norm.control.H.2","norm.control.M.2","hypo.4h.H.1","hypo.12h.M.2","hypo.8h.U.3","symbol"
7.77098008607427,7.98474856277599,7.19854543488724,6.80669378559476,7.98857439872279,7.08094671662114,7.85053008899806,6.97523171609254,6.89880310952098,8.13626185804496,7.97204042077357,8.20571091246525,8.11783181665643,8.48267827823239,6.8770847722526,6.94929865637546,8.02412261358264,7.22726899692733,6.81481006187445,6.84827051789999,7.0477014089759,6.95322126501207,8.34395723098541,7.14950103354465,8.04580539334501,7.5419549090707,7.84539717475241,7.30539459453209,6.65955778679938,8.11306486886536,7.99719049035625,7.39475974882819,8.04532237986068,7.54850902745381,7.89006034032508,7.07646526242832,"VHL"
5.26405143601914,8.92082331640317,8.35555789048196,7.41031455480615,8.68312961230579,5.06380817056428,8.37092101826548,7.39480615840023,5.11649283561915,9.00070195340828,5.58261929277843,8.78410433423847,8.82424178728195,8.89200594299597,7.32704340331077,7.39842385484373,5.87910412636199,5.4842609949435,7.43557681490445,7.60506636128393,7.56037839136024,7.70231928734581,6.03032147200942,7.97639803078603,5.76033375096839,8.67612521406722,8.73357931707039,4.84451627595622,7.476536153666,8.24380901199006,5.60620859332072,4.90808276374714,8.58603620039393,5.21503003713718,8.61375751766446,7.75353190690202,"BAD"
10.4516633774419,8.51145593980076,8.45270305416462,8.11652215647157,7.74285649446518,10.2755404166884,7.68165020485637,8.15217953633262,10.3429483151022,8.57175468259095,10.4895223899437,7.12291532350321,7.40478217776689,8.46040930486521,8.31699692639274,7.89668725274467,11.225273187061,10.3761015049904,8.2311268779292,8.36075256748865,8.36108006227229,8.64145749028516,8.22482952312567,8.64811781486296,7.66413148743888,8.14826152409583,7.64607275077756,10.5401616615096,8.4926730348691,8.23374348897583,10.9072677132099,6.84592535279413,6.86315870882476,10.351712897253,6.74831235483419,8.46921717584149,"MCL1"
12.0722916132708,11.7229578604856,11.6076494273559,11.0000308773085,11.5588314500212,11.8110580978973,11.1137654568363,11.0160690931908,11.7940869619557,11.6557218988877,11.9934668904495,11.6428907933415,11.6184002691426,11.3374699869524,11.3117768442032,11.1050722854867,12.6375666913011,11.6120552934413,11.3704982004689,11.2049045472226,11.5341294207556,11.5220317834137,9.77709881436418,11.4073666191843,9.65691599361978,11.5362396126939,11.5395185700423,11.5382688126058,11.3792428432028,11.3651365154085,12.2567096439851,9.09231611140138,11.5033098028124,11.5863230994914,11.7057484440399,11.362091037134,"MCL1"
11.8916159896748,10.6713050344453,10.2729113564026,9.63122985778636,10.198860095166,11.3923643251128,9.90135327421222,9.82891464661818,11.6244057508753,10.6346419502414,11.7059542586994,9.97495147479534,10.1580776280505,10.3276938269846,9.93817906580813,9.47007165663413,12.4311683231796,11.6710726959522,9.72614870139166,9.96993450249566,10.2054737487969,10.2834767537414,9.64987297080277,10.1035657980543,9.25763228838435,10.3102727534708,10.1394944378059,11.4983852529454,9.90399087504233,10.4753006216834,11.9206425326495,8.72951239152373,9.84126559985561,11.5284487287629,9.7307125289045,10.1663908368801,"MCL1"
11.1140162423121,9.3908171599039,11.9634191797828,11.2883810158997,9.16710559854005,10.4867128305289,8.80766133875935,11.4110424550331,10.6438925686528,9.34572207253723,11.0154587561971,9.1688301438572,9.1594899873225,9.21750009309444,10.981576759336,11.3717620202405,11.3966631662646,10.3499129513973,11.0360478357573,11.350236698086,11.4196095274628,11.4866487295762,10.1927495870626,11.6932364569618,10.0862493895368,9.00174625284023,9.06684872893145,10.2687444507857,11.0193291657554,8.48601093339927,11.2179625942613,9.47907230085716,9.06937644897962,10.2890190179535,9.02943203150177,11.4071450495453,"EPAS1"
8.84590465319048,6.05046147679165,8.61830693168798,8.42166086794921,6.04101154021435,7.91167140139755,5.85494287233052,8.29776435172497,8.28027633053212,6.52967943931098,8.83975983339015,5.21200218162807,5.48115594879193,6.76754347201039,7.91924863535492,8.01545969493044,9.03010135072617,7.84637536689973,7.80952605404647,8.34838120330127,7.99566584183419,8.26003104646349,7.85172803089436,8.97865481307817,7.7397417984842,6.06450307754515,5.39756740730734,8.03807832785651,7.79336153591626,6.40840298200249,9.15744427578089,6.78726798950366,5.5679083632513,8.15215349659269,5.68450727092531,8.20927353960601,"EPAS1"
4.54822299536976,5.13725800895449,4.76831303538044,4.35882156806909,5.29670927736125,4.16169920706521,4.96254395960086,4.05442325845327,3.95558042495327,5.71436294058821,4.92440378770082,5.39271410738427,5.40409860382104,5.80874390169892,4.86487496779305,4.19224274349572,4.93824704268316,4.41807493092987,4.13875251979826,4.19151529952581,4.55331993621985,4.21502839583833,4.43547287570038,4.77395680858402,4.48694883249076,5.45267530214188,5.17387540372835,4.09586751771978,4.38429478309091,5.69779137299099,4.86501510856302,3.9625017031328,5.18752893544309,4.42417593350828,5.03449615940943,4.82645549822492,"CCND2"
5.0824362940498,5.31489040127545,4.51392142710892,4.38857045731642,5.34075065799413,4.00913058844445,5.42006895003199,4.22169782215244,4.44089109115644,5.37592259210618,5.02400453102665,5.50022712579168,5.58109784399206,5.39160174732378,4.46463111739573,4.12970654510777,4.98492644426722,4.54313469953421,4.59765456043683,4.19005978442346,4.49860524318503,4.2901820746858,4.73859248673913,4.71719296125401,4.7285091609021,5.18516288839684,5.34681159864312,4.41914709300432,4.40270448672178,5.49490490835572,4.99701596324565,4.12348998011007,5.46912031221687,4.90947660594602,5.87719220361848,4.42879439369645,"CCND2"
4.73963236714066,5.64049986230743,4.63790683197622,4.4412693198879,5.3940843668529,4.23993214179518,5.22500311245387,4.57456411890455,4.2466325008694,5.54404040950159,4.69369869291429,5.60777612302543,5.70456529393549,5.9250570590853,4.47709951545906,4.36569682366452,4.88863560410808,4.38752763401165,4.42516764009281,4.35207274333424,4.98247568181974,4.59025213617236,4.86449669023227,4.66974512372249,4.58332076739856,5.45396511521113,5.44768282481323,4.02009959358892,4.59780389557129,5.61673457104362,5.00331641259004,3.83240709741711,5.6902238208794,4.52366558110725,5.77333852841666,4.70110622690842,"CCND2"
10.9152108584441,11.2298100851683,12.5182694614263,11.6746788413055,11.1206157762096,10.5857458302254,12.3390723400994,11.77247692241,10.5672708635172,12.1681712726387,10.9262321245907,12.1720709784238,12.063906275039,12.6923145103871,11.3624363891099,11.8786031009145,11.4853810920564,10.567952210103,11.5152717927714,11.7918675859409,11.6860389149872,11.8306827262198,10.8056193531047,12.1396015309032,10.6910844158501,10.6153109752173,10.8726016997419,10.623735775414,11.487420027392,10.7184270765459,11.0957324547395,10.0963471439702,12.6446664211306,10.6639848726599,10.8303610757242,11.7837632106285,"HIF1A"
4.68349607073313,5.04571337905127,4.29586301887952,3.97265398763331,5.07685077573726,4.28082416657717,4.93995877762922,3.93154478255151,4.19066356944699,5.2198669538373,4.64263486941215,5.02934956395236,5.21681209931251,4.99974156065611,4.1023868956197,4.13936566294155,4.69845901025521,4.4692846272606,4.16567199925741,3.83863717688142,4.0887222043,4.09454020782901,4.63487007580857,4.35760168533618,4.52858410990238,4.89016999080548,4.85634202304437,4.40645111957079,4.19152409984189,5.04571669422094,4.98978780075052,4.1802564023374,5.14358166379225,4.57323127349919,4.96910041564885,4.54994366733737,"CDH1"
4.06476188827416,4.26788895682573,3.73367885240681,3.64488521383796,4.39968941090506,3.70281994952849,4.39713408276828,3.29454866444449,3.60989556265761,4.40799767958176,4.29281460210479,4.47777338303641,4.53020043446523,4.688672332748,3.1859181415911,3.32620779387047,4.36535399026335,3.79246438615049,3.46289477441907,3.33692724473789,3.32757945971373,3.37860674657604,4.03653454775247,3.70491034464136,4.1040724778245,4.30291719410775,4.5068597489415,3.59851080224312,3.31550700619237,4.46765761791496,4.58500284674749,3.47424848649277,4.61200230487866,3.96372346941997,4.36423035910017,3.62035342946486,"CDH1"
7.72200290768524,13.1267098746446,7.80832498614878,6.09069582556848,12.9798435123204,7.41642767734096,12.7478303064514,6.27120573416613,7.68258908011616,13.0222147134879,7.82448482017916,13.0533467294519,13.0164983878062,13.1471815527918,6.22702641326611,7.20269960802484,8.67535482242181,8.35494460728592,6.74534209057067,6.61667957336122,6.61086326275556,6.69557565122291,5.33033466460902,7.55066819549028,5.37220795682259,12.8921048217908,13.018692764014,8.2366539433153,6.64864634942335,13.1675260577306,8.27542280086158,4.63372887807698,12.8915564608498,8.34654307627052,13.0275193648728,7.19779856863951,"CCN1"
7.45159701769617,9.94591546269178,6.76310494234244,5.8379340066351,9.66028830871994,6.80781625353458,9.20843980650035,5.84054754367032,7.07492634529295,9.82876385099969,7.57497586666192,9.41594452750902,9.63733525278263,9.67208611042222,6.15138604746877,6.00198695516276,7.87103725241134,7.35109329325086,5.66284657931332,5.89682059372351,6.23255920816805,6.2586489545625,7.95360904706387,6.6464926959001,7.60917368695623,9.71017631695768,9.49700611679315,7.21042355498478,5.79839206865604,9.64145339454078,8.03025997065023,6.66363575936232,9.62097680695493,7.34519014772747,9.61240729176445,6.41424973073751,"TP53"
12.0016595170666,13.2651737158239,12.3666037794398,11.8707765640071,13.0945850764758,11.0832320342441,12.1572360595563,11.991339626912,11.3425308945311,12.9745256734869,11.9116449712401,12.7557905419835,12.7963491298785,12.4522679591075,12.341219410779,11.9190673099,11.7897934336967,10.6205305023028,12.2454407916943,12.1194050210115,12.4166571885092,12.4160548057998,10.0454566909612,12.1659570649756,10.1459486399505,13.1587672261052,13.1230762687868,10.3638340348916,12.3470255564521,13.1443266195244,12.1073812005341,9.41686922596783,12.2154716100885,10.6311803932733,13.1472978083775,12.408947891409,"BNIP3"
11.8599658147545,13.5769555590793,12.6579369633508,11.9883811344046,13.4937578441928,10.659758983258,12.6220990533885,12.12291463987,10.8324444138467,13.2982070696343,11.7932721001334,13.3541360866379,13.3180915142863,12.8189675274967,12.2592992686572,11.8514622515139,11.8300225348191,10.1217205372596,12.3814573438471,12.2590846180231,12.6016204871798,12.6182170014296,10.1770247780091,12.2150980250522,9.88711741590761,13.4407303877731,13.4301107157068,10.1063299792677,12.3849005344301,13.5081821316212,11.945079655088,9.07724097143408,12.8795805361071,10.4517329887494,13.465983025277,12.5486320126564,"BNIP3"
6.74351399263064,8.20912575066395,7.13640275638055,6.09892836117768,8.05813682191996,5.892510395975,7.20030159223757,6.2807770718171,6.1798974651749,8.27423331617733,6.88732126473294,8.02514928350237,7.92363571191028,7.99406992711404,6.35667205446559,6.3979453665814,7.45309928771155,6.57495878155103,6.30533755582768,6.38458847205781,6.74959536775929,6.61432476957716,7.00436346866327,6.74331219510208,6.62250985808849,7.5851666487784,7.92245137740531,6.46391766911644,6.31218660361686,7.86729513298411,7.03663312219901,5.68177804625834,7.83916087580251,6.85868438049388,7.87879084758559,6.65227381397666,"EP300"
10.7819766979065,11.3359868279153,9.82102600818213,8.6150099368419,11.1157819251458,10.3439435740157,10.3390183608491,8.54595022662017,10.5381393027566,11.1740637676381,10.7281357636979,10.8380649924898,10.8747708146723,10.8196387904001,8.50483332407243,9.12529164362148,11.3557716325832,11.606860759807,8.56083687014727,8.65724149063864,8.6229013549027,8.86172798561189,10.5417530743454,9.50206564757867,10.4762437202189,11.0811559035074,10.9729931885408,11.5816836731009,8.56777719484145,10.7835961917748,11.0368764717175,9.63378908363403,10.5607041494171,11.522524774072,10.7880791850037,8.83048719087494,"MYC"
9.30942521760785,10.8073423607412,10.3453282943003,9.59678464399518,10.6424587964769,8.52045950896514,10.584554980264,9.68211549129104,8.79380516964688,10.7238198358526,9.28121179516821,10.7770199060711,10.8418179096216,10.8042122140466,9.48338166517346,9.75193783673046,9.59725721632955,9.21786276838899,9.47002080651668,9.75784277979231,9.73668763692593,9.84287749376418,9.73606994754912,9.93387678018962,9.70565476797355,10.4589546143522,10.4679365436717,8.89624453965169,9.45574350562313,10.1711417604684,9.51705764323673,9.12935506590362,10.8317015117207,9.29014203935508,10.5229443695378,9.66826382533487,"CCNB2"
7.53314178887922,9.06954444231197,8.76989527831847,8.05261476884563,8.9957883669585,6.99984577545251,8.83364938896774,8.13484252520308,6.94305272527676,9.20575495568241,7.76960938087937,8.97136545503131,9.16654426076701,9.2132730283458,7.93666758492278,8.14283270140906,7.87212164153697,7.34224560770949,7.77683921336386,7.96056539222609,8.24526185742831,8.3292090826915,7.92373443473957,8.73402034056195,7.80949617859865,8.88600717582499,8.96795174999536,7.19464119844541,7.84114278972642,8.70968384535291,7.95035859551939,6.87343792862823,9.05426837863927,7.26626427580267,8.95500349514654,8.20083189164049,"E2F1"
8.45865748688615,11.0836887459426,10.4082263974593,9.5494660604012,10.8618201740075,8.1002730884503,11.0106364464661,9.49558835432297,8.38182840280645,11.2584110846661,8.40801346241996,11.08988310543,11.1515251788815,11.2058106087381,9.12844375577668,9.82935159981711,9.09154305904613,9.00878217811608,9.19547075760344,9.71270944666994,9.41268008972654,9.61373814616241,9.6033258952177,10.060951951304,9.45329729276016,10.6981983576145,10.7230216606155,8.74938482135505,9.23072009329809,10.4342917896037,8.78368212734578,8.87712080030593,11.2676455858108,8.96741759062892,10.6608664240881,9.62078728525888,"CDC20"
9.24949725258874,11.8686435743233,11.7484663504402,11.1056128528031,11.6585729945489,8.68283247705236,11.4259048905497,11.053351442456,8.86252980753415,11.7990708567317,9.24686747264162,11.721652199057,11.7407876011032,11.7431499208776,10.7208208149459,11.2224307680071,9.67671134756538,9.46254035570265,10.8944441121083,11.1753695939428,11.2514844960718,11.2127770408676,10.0102057311035,11.4277727357496,9.85837026866394,11.6525568617987,11.5250240967731,9.33971570962526,10.8695644834984,11.3974302456003,9.51277176017799,9.19122573507653,11.6735140293146,9.56159414832665,11.5897524710547,11.2346550066292,"UBE2C"
7.29583528371616,9.77981876033743,7.94344817132974,6.89644312770049,9.52107863600698,6.23405049993112,8.63276765532057,7.18521525227807,6.58682648172423,9.66327028861125,6.97920082615625,9.26325857627147,9.40045652846547,9.26705414770786,6.68733231896267,6.62382318656472,7.71353064764782,6.58811553214171,6.74076398426658,7.22847270354364,7.37705498380533,7.68170740988473,7.18127500977487,7.53909025176871,6.62620434621572,8.93760755189596,9.16994313978129,5.88195632091968,6.825950293076,9.43560867287382,7.34350348865412,5.71257707122211,9.15065056422344,6.49170740807789,9.29759567448044,7.32375919841502,"RB1"
9.64713274068237,10.7300955706611,10.213763066641,9.56108126568189,10.5171969368162,9.30076728818084,10.5520250278345,9.583832642656,9.40091075843842,10.7974875410611,9.60974120002864,10.427138080083,10.5898743911191,10.9313117593864,9.18679006871693,9.5699740731339,10.2019738184725,9.8970919921229,9.0982222107431,9.62415979630106,9.47338413708941,9.66226978131609,10.4829464163611,10.0798241826621,10.342310921026,10.3239597113063,10.4150705007326,9.72962673943359,9.17054363767697,10.2826962459937,9.92288426685358,9.77843304997791,10.726391463047,9.9401705321361,10.1570391186159,9.61060531799474,"CCNA2"
6.11307707791368,6.73319825758028,5.63025212000878,5.73566392231708,6.91968342551905,5.28123461794972,6.24947778743909,5.3281143327379,5.64976402032646,6.72261684934608,5.962393903794,6.6403100362959,6.66502330427291,7.3238358612533,5.67567360094113,5.65796360012354,6.11518365264805,5.84056108426935,5.44376961456819,5.40979845828066,5.37093293802821,5.62657946818011,6.19770066161724,5.89507947286758,5.6852717487171,6.50674195223671,6.54727875428334,5.56409228515543,5.50165441907262,7.31910110485112,6.39645977306308,5.38838146213991,6.82259504027485,6.15362451587191,6.76314018143961,5.76010109449485,"BCL2"
5.10786733949364,6.67660613067786,5.16633805439581,4.99350781208297,6.49149038546478,4.35647776439671,5.96769395395299,4.86055710634571,4.56756425848994,6.78380263767457,5.03735236125098,6.03635317159548,6.53330763109728,6.64357534223539,4.71330921598319,4.84532263637104,4.98414145143228,4.35794841475936,4.35738128898109,4.55398768345037,4.90403170925457,5.01827850013321,4.70939440451699,5.58070163004344,4.65487230819758,6.00765075448291,6.68189482331701,4.31322112752998,4.84532349863433,6.72741412195094,5.34070958291638,4.37391678839624,6.40362439533797,4.62484096843641,6.42047898579303,5.15878972544319,"BCL2"
3.94273464000749,4.26918173965624,3.69016935320579,3.38940541089453,4.14606721357783,3.69025341403943,4.39170244421262,3.05009765946419,3.51902052484155,4.18688755690105,3.86382838762326,4.12145750727504,4.2541796962062,4.24704134661429,3.2943163032138,3.41641326596738,3.95451117807467,3.60278578524828,3.21444471083856,3.2851039550425,3.41282055420618,3.52087013919996,3.91849612813235,3.28574402360448,4.46852265205304,4.03495962141607,3.87142756174123,3.66150507487306,3.07880673425906,4.13850647013938,4.15215619618001,3.58022601660477,4.31605405336673,3.8863645684991,3.96521109857105,3.38539286962891,"VHL"
10.5197559535353,5.10677010707132,4.37664753976532,4.31451256260992,4.96794771876284,10.8264587618101,5.01945746643636,4.06904484665112,10.7754553302688,5.40953583721179,11.0380260189311,5.27624806233756,5.22400294177064,5.52745151352154,4.302299992204,4.06348696060752,11.6316734833122,11.4927549225987,3.9193778881805,3.95575458802628,4.07848647703843,3.96891109096114,11.4933715148242,4.31973871731977,10.9732105147751,4.79988663093806,4.86622099642313,11.3472561162624,4.01974471103918,5.2757677932987,11.3682334505499,10.3452946050341,5.5666341814032,11.5073204212701,4.88514730661732,4.4081230297781,"HLF"
7.47118540480648,5.19386574624479,4.39126818622552,4.26700011818436,5.33186325050402,5.63041988888072,5.15475638408567,4.36757017910591,6.50961167900758,5.51280421674454,7.6857262392292,5.03527221099456,5.19149819510175,5.59719860101546,4.17619879474353,4.46463233322371,7.43885118760456,7.00444245325016,4.02426048831453,3.87346242929416,3.94313730671487,4.25504432715255,8.09625327268954,4.35939867814746,7.86583978648289,4.96631121458947,4.64156344916163,6.95736186489804,4.01576831390675,5.22196097652318,7.71547308452203,7.44686267875746,5.11213576077317,7.46801761129814,5.16403026311692,4.14391803465981,"HLF"
10.1984128440651,4.81270317862022,3.71578243922547,3.63981797675961,4.68867305084365,9.96060631444777,4.63167299496973,3.67717702818245,10.1660269442458,5.10525681485707,10.3234700648723,4.90721025571677,4.90219494285611,5.12030736401272,3.40430390777706,3.59132707251183,10.8962330979323,10.2881656312863,3.84521391785762,3.56401443392879,3.71844965561289,3.76619447575227,10.6406157227463,3.76074977024938,10.4428002675717,4.68586469448645,4.72658712785054,10.3660400548276,3.29826018446528,4.99336152606907,10.7142548762077,9.87225156106288,5.0052395857283,10.6063217766091,4.97622480951671,3.44438173213476,"HLF"
8.29680898484306,9.86780330385571,9.58907962843027,8.85936009127036,9.67641567719339,7.74916073409083,9.54181466485976,8.85824101831751,7.69055156685045,9.8618535644413,8.38060630936748,9.73320571132203,9.73880976643003,9.757619183207,8.63102821161948,8.98885779963896,8.57532165789273,8.05920673654288,8.56177269400736,8.65366362867516,8.99057033448015,8.91986291655314,8.65275919649289,9.44874619165129,8.34335073572854,9.53524942895433,9.6237137627673,7.92536682007487,8.72051334323444,9.31213042495728,8.71209700701386,8.01194327344924,9.65235935278431,8.34260230838662,9.64124736755263,8.97176211390519,"E2F1"
4.79759033959595,9.2346742430661,8.95900809524178,7.54342076724738,8.94405843174206,3.92781236217228,8.6167613865092,7.85420550722149,3.96527773773374,9.19655872624589,4.60561113315706,8.87876276203743,9.1053896425252,9.13624349736534,6.41511410965708,8.0802466017666,4.90726149304168,4.06155899048958,6.58655761264333,7.6718321769833,7.62990055626238,7.87394469010337,5.35053417653931,8.33908340882056,4.94579524327284,8.42089347941059,8.74650504040345,4.15728431680306,6.55056402400405,8.96465589534941,4.8683272639866,4.18051552961819,8.91739295272606,4.45374869757745,8.87522972140344,7.79086623636636,"CCNE2"
5.3743028720192,6.19138698045768,5.36295509910754,5.11973590061563,6.01480967781055,4.98252987456634,5.71594191050327,5.07841453544021,5.09704567709221,6.12355407491228,5.70778336398727,5.8140383804792,5.93516403690663,6.4437146484265,5.31194472572924,5.08350181905464,5.98173468582714,5.21654054291302,5.19124259803527,4.94168996066409,5.25379379503137,5.16641260852442,5.70115724111653,5.29621956222483,5.44749143531967,5.8565078801336,6.11797829374812,5.51518399892697,5.27243558163344,6.06876049318399,5.96071466602379,4.67291505942049,6.07072160633509,5.4375194562797,5.80134513006841,5.35647766778532,"MDM2"
4.33915810154296,4.56245609081345,4.25056252535331,3.72707537797538,4.45496544867863,3.70633649810551,4.09901541034032,3.42440937097342,3.8122601918455,4.37733177748999,4.39538781354139,4.21481301152734,4.38243791025083,4.7153950522281,3.43574211837495,3.40216516325806,4.57334817693451,4.04231298764486,3.53263686060383,3.61176472318852,3.74871320021056,3.93490071191354,4.13708413833672,3.73465742932055,3.95171481351171,4.53778885089533,4.15779437927849,4.23532881803443,3.62770798749079,4.3945713395288,4.61992006884678,3.71294899105158,4.31616277316273,4.26610210179889,4.31269743102664,3.90220720372431,"MDM2"
4.49812790737797,6.56774830201079,4.43260789158169,4.23188283829228,6.25014504425514,3.72011554025343,6.03749032205191,4.1883524500376,4.01869785851901,6.42573067576389,4.85405707073825,6.14231232137403,6.32798890367735,6.68693418231926,4.4334263713018,4.21348475200509,4.86964749898547,4.35203959746888,4.21681338776762,3.95553445025591,4.24294757106557,4.45947976607598,4.30312045042577,4.5782964803623,4.37955638418302,6.08277308599281,6.06670911498297,3.7784050599833,4.12501547759566,6.15835626264402,4.66887714793731,3.82667782205359,6.25874572917973,4.28265117123262,6.38198738686712,4.2958268806066,"CCNA1"
6.63361811056863,7.122597851268,6.49237531273722,6.5575282578765,7.12908329689816,6.80606212368983,6.42993857928007,6.3109950498938,6.50496763270355,7.02970682668564,6.808642046423,7.09075212397974,6.88544666031134,7.23115834359632,6.56939339491105,6.39315675800568,7.08454842488009,6.71924162004821,6.51777819904972,6.22738710016254,6.35813127923252,6.49039328835482,7.11194466213571,6.67069929396635,6.77619595448365,6.99669905597757,6.81999079499508,6.9510896889676,6.59238282867609,7.12136219958415,7.33120028927479,6.30687774794597,7.1620464801022,6.92289606454126,6.95854837089317,6.72179669854072,"BCL2"
6.61150352168791,6.607404886082,6.24418129876732,6.17484189515324,6.51696858807717,6.31965958164468,6.63581130693394,5.8800959522474,5.92961803653765,6.702429636546,6.8473070650959,6.3945744113768,6.5720053570926,6.8061476725097,6.47044453958391,6.4264423044583,6.64395471449241,6.57561265122875,6.11818414840674,5.77615198468812,5.91556838658129,6.12831980079826,6.72949905233827,6.60525272201114,6.47938283545727,6.64857652354489,6.51380884332056,6.37307684955939,6.30090065117058,6.59502803442643,7.01271711752808,6.11228923738819,6.78085165507951,6.66590195539553,6.95812907511256,6.17970474558888,"BCL2"
8.19200833272095,8.62257930256539,7.80600524090822,7.36929782817463,8.36103803611898,7.35292782743089,8.20356819293415,7.37783369936127,7.69022043493482,8.72440207079771,8.24553561958238,8.58443416147727,8.7000466148596,8.69518187555856,7.58499118274654,7.32207736909407,8.40694226887129,7.46596522533891,7.42068701766672,7.34284962514299,7.47173566036415,7.45255853335688,7.75104987912682,7.75474508927488,7.89173580755282,8.59368778161045,8.50386908252565,7.39871598397717,7.26718554104503,8.33872815126944,8.33036114442676,7.10881701454753,8.55403058457057,7.63159582178981,8.47954376856227,7.57557835153587,"POU5F1"
8.19200833272095,8.62257930256539,7.80600524090822,7.36929782817463,8.36103803611898,7.35292782743089,8.20356819293415,7.37783369936127,7.69022043493482,8.72440207079771,8.24553561958238,8.58443416147727,8.7000466148596,8.69518187555856,7.58499118274654,7.32207736909407,8.40694226887129,7.46596522533891,7.42068701766672,7.34284962514299,7.47173566036415,7.45255853335688,7.75104987912682,7.75474508927488,7.89173580755282,8.59368778161045,8.50386908252565,7.39871598397717,7.26718554104503,8.33872815126944,8.33036114442676,7.10881701454753,8.55403058457057,7.63159582178981,8.47954376856227,7.57557835153587,"POU5F1"
8.19200833272095,8.62257930256539,7.80600524090822,7.36929782817463,8.36103803611898,7.35292782743089,8.20356819293415,7.37783369936127,7.69022043493482,8.72440207079771,8.24553561958238,8.58443416147727,8.7000466148596,8.69518187555856,7.58499118274654,7.32207736909407,8.40694226887129,7.46596522533891,7.42068701766672,7.34284962514299,7.47173566036415,7.45255853335688,7.75104987912682,7.75474508927488,7.89173580755282,8.59368778161045,8.50386908252565,7.39871598397717,7.26718554104503,8.33872815126944,8.33036114442676,7.10881701454753,8.55403058457057,7.63159582178981,8.47954376856227,7.57557835153587,"POU5F1"
8.19200833272095,8.62257930256539,7.80600524090822,7.36929782817463,8.36103803611898,7.35292782743089,8.20356819293415,7.37783369936127,7.69022043493482,8.72440207079771,8.24553561958238,8.58443416147727,8.7000466148596,8.69518187555856,7.58499118274654,7.32207736909407,8.40694226887129,7.46596522533891,7.42068701766672,7.34284962514299,7.47173566036415,7.45255853335688,7.75104987912682,7.75474508927488,7.89173580755282,8.59368778161045,8.50386908252565,7.39871598397717,7.26718554104503,8.33872815126944,8.33036114442676,7.10881701454753,8.55403058457057,7.63159582178981,8.47954376856227,7.57557835153587,"POU5F1"
8.19200833272095,8.62257930256539,7.80600524090822,7.36929782817463,8.36103803611898,7.35292782743089,8.20356819293415,7.37783369936127,7.69022043493482,8.72440207079771,8.24553561958238,8.58443416147727,8.7000466148596,8.69518187555856,7.58499118274654,7.32207736909407,8.40694226887129,7.46596522533891,7.42068701766672,7.34284962514299,7.47173566036415,7.45255853335688,7.75104987912682,7.75474508927488,7.89173580755282,8.59368778161045,8.50386908252565,7.39871598397717,7.26718554104503,8.33872815126944,8.33036114442676,7.10881701454753,8.55403058457057,7.63159582178981,8.47954376856227,7.57557835153587,"POU5F1"
8.19200833272095,8.62257930256539,7.80600524090822,7.36929782817463,8.36103803611898,7.35292782743089,8.20356819293415,7.37783369936127,7.69022043493482,8.72440207079771,8.24553561958238,8.58443416147727,8.7000466148596,8.69518187555856,7.58499118274654,7.32207736909407,8.40694226887129,7.46596522533891,7.42068701766672,7.34284962514299,7.47173566036415,7.45255853335688,7.75104987912682,7.75474508927488,7.89173580755282,8.59368778161045,8.50386908252565,7.39871598397717,7.26718554104503,8.33872815126944,8.33036114442676,7.10881701454753,8.55403058457057,7.63159582178981,8.47954376856227,7.57557835153587,"POU5F1"
8.19200833272095,8.62257930256539,7.80600524090822,7.36929782817463,8.36103803611898,7.35292782743089,8.20356819293415,7.37783369936127,7.69022043493482,8.72440207079771,8.24553561958238,8.58443416147727,8.7000466148596,8.69518187555856,7.58499118274654,7.32207736909407,8.40694226887129,7.46596522533891,7.42068701766672,7.34284962514299,7.47173566036415,7.45255853335688,7.75104987912682,7.75474508927488,7.89173580755282,8.59368778161045,8.50386908252565,7.39871598397717,7.26718554104503,8.33872815126944,8.33036114442676,7.10881701454753,8.55403058457057,7.63159582178981,8.47954376856227,7.57557835153587,"POU5F1"
8.74334106919426,11.477621749423,11.2522284639214,10.5434314711529,11.1027768645104,8.43732871619006,11.0380841539127,10.642413223132,8.54038931676751,11.4154783195358,8.78962171517392,11.2776888288281,11.3104960360926,11.3761656388049,9.85968546994057,10.7779264508103,9.58427131330401,8.91900754533974,10.1753566592862,10.7019375250818,10.6128527011522,10.7110951950398,9.11775206806658,11.0075297220428,8.68263305698043,11.2003680329546,11.346533553556,8.59170186749147,10.2016234943884,11.0277198620771,9.14602750036863,8.00900135846358,11.4474898194922,8.9862316701399,11.2759578968715,10.5260000585094,"CCND1"
8.98219990753509,11.9570932050113,11.3834509989701,10.5456160897031,11.786503682722,8.32576240417161,11.5605330048988,10.689371616415,8.46638933436267,11.7822464368969,8.9875922899859,11.9240633392276,11.822104999614,11.9519178133007,10.0616065482321,10.7893842513955,9.6700245056999,8.96941821304001,9.97101453195598,10.8648122967385,10.6276802618909,10.7108859026213,9.61534626125598,11.2774042895165,9.11925791704361,11.6185262455704,11.6802607635687,8.56057503659295,10.1730022681501,11.4160660417945,9.30782319080673,8.57748905882549,11.9179040856423,9.03797671957927,11.7608569450606,10.5381779237236,"CCND1"
9.58473310490524,8.87362206403357,9.17091594613236,8.46525723247475,8.84086226326931,8.76683521532386,8.45933390000085,8.76941121513858,9.11319432400137,8.94891105665684,9.45886392545064,8.99517183570219,8.99495615988394,9.01666872904112,8.86000709899091,8.11437090647851,10.1068617909823,9.46824285488212,8.48150204363331,8.70035678006919,9.16746812318591,9.21118323749074,8.68206288005427,8.57416746417852,8.63104834117307,8.60336219196921,8.67113853616834,9.03533999530631,8.56902965471985,8.67811531215014,9.60825842596723,7.87053713844383,8.92547626187203,9.49556671102816,8.78787080935158,9.00364170321858,"CDKN1B"
6.25328771139219,9.29266091700848,8.63600988224563,7.8233043667588,9.07223084944108,5.8110843927196,8.84342376652393,7.80009407215614,6.10369086903416,9.35980792478029,6.6339636602445,9.118501504094,9.13634839540769,9.15843649127218,7.73955523744931,7.92749852052563,6.70350803214968,5.76253413399876,7.85368079069661,8.02217279800596,7.88406106215012,8.00016279157823,6.60655851246731,8.22065145873263,6.50504859388107,9.10084932484628,8.97437212230857,5.60807379918131,7.86167522471448,8.70788763827033,6.72583836802403,5.68313483452736,9.11323312826883,6.26586626372779,9.09358294526295,7.9617941125577,"BAD"
11.5962261009107,12.7205571648269,12.3771532382683,12.196990287287,12.6582560381761,10.6920806944315,11.0384210502222,12.3394628284662,10.8768918795908,12.4709674621336,11.5035126928366,12.4597526437714,12.4937934447397,11.3636344694965,12.2150777271378,11.5606023761446,11.7517819394498,10.8116238267115,12.2705951172999,12.4916674120276,12.7372817929937,12.8268256336724,9.6477054691988,11.8945828238616,9.56226714352793,12.4860686505166,12.480958269141,10.501540031711,12.2199226699388,12.5362262167974,11.7467790068915,8.9896637234937,11.5629489966776,10.8652162167527,12.6377518881687,12.5515391309874,"VEGFA"
10.7150393519626,10.9061416124442,10.9008230179347,11.2485277540959,10.4570103755134,9.86601990077603,9.23501814927002,11.3286997983147,9.94474360275628,10.6068964876417,10.696749410473,9.59872491777594,9.95745589085183,9.63623703893531,11.5350620051196,10.3537541854287,10.7566177981341,10.1221420325561,11.5903124320762,11.540130657852,11.8760042388508,11.9913040382314,8.69897889711926,10.9800524702356,8.4920403271766,10.7432126221973,10.4170738991616,10.0122742203637,11.692869044377,10.5763267777265,10.9260358354417,7.94470395572723,8.62309918917831,10.2539530470257,9.50311857345082,11.7695416902455,"VEGFA"
8.28384475985603,13.2503789356215,7.47518096594072,6.51338580412656,13.1290197920804,7.9105210352797,13.1541085867223,6.54662083062865,8.34793608506924,13.2808246322684,8.43222391270321,12.9658672578184,13.0946304504048,13.2708333445047,6.9193615011296,7.43409589966571,8.97274303601851,9.03333574394004,6.52624510062391,7.04048598714826,7.0608796811299,7.10156070174466,6.50972700797662,7.82479607825279,6.11263500975972,13.2183713849726,13.0967958460443,8.99237450009206,7.21368291376788,13.2005161559158,8.812782529943,5.68131003874246,13.1569144563889,9.00968181376306,13.1294514289398,7.01545548776045,"CCN1"
6.93055233629695,9.39092604449328,6.5206516312672,5.90745446297407,9.07983575601818,6.2618544047064,8.8429989287174,6.00450143027262,6.84331320999469,9.45702698218147,7.50826363597031,8.7566608857551,9.01547003444064,9.39649752514472,5.92301660084472,5.90943954305624,7.72022190894944,6.99004790438156,6.21230334142649,5.59211133091308,6.22398468089621,6.04187410389725,7.44727618665201,6.85797796914985,7.04128795361999,9.16322053196926,9.03332061335119,6.80772907755802,5.95309748191892,9.09861045524876,7.65758670901124,5.942563650704,8.52289478115228,7.1651868931756,8.38215520152571,6.17894261625133,"TP53"
11.1725101511831,11.1413060413283,11.2378941578172,11.6513312197715,10.9337650761901,10.1628169305137,9.31734547710616,11.7099251746384,10.3887260649192,10.8168968471083,11.0477276146762,9.96773563464703,10.2873486409119,9.72915622244812,11.9876003005485,10.6304961044048,11.0897527823147,10.3311267515801,11.9254419145553,11.8788791938555,12.219368527537,12.3005162777497,8.82609052116958,11.2202729881949,8.78910561920857,11.0204166920461,10.7075736851187,10.3006391748369,12.0042812776102,10.9985374504112,11.2923465131501,7.9114298492057,8.99461496736403,10.3897209507786,10.0864434271429,12.1323711810399,"VEGFA"
6.86363431224257,7.59964989287995,6.59542291358372,6.46557738901599,7.34121833074395,5.92513961413574,7.1676778014815,6.25372148407051,6.35448027133205,7.68915935629657,6.99656495956361,6.15988514291515,7.11107596967722,7.50665595004407,6.18337388074162,6.02922609783217,7.39487434981291,6.27758707521562,6.01043637738693,6.22336065411556,6.36892905674628,6.3859726081069,6.80684962672494,6.55087250106646,6.7153192022239,7.21469623637748,6.93029921146454,6.37750740191354,6.25751360295509,7.35043318155809,7.08766178815856,5.94682181599175,6.30407791877535,6.64813914163082,6.56910595247572,6.45514823394102,"RB1"
4.76394631658043,8.22836983023883,8.34685955473524,7.31432924389993,8.03865193819078,3.99236167758657,7.57374818796727,7.45963247056904,3.73774503957105,8.40786790492152,4.80476928107836,7.36681378626353,7.94677640244374,8.32805634900362,6.33302157872673,7.48236010295335,4.64426926036788,4.09170137881949,6.37729937549555,7.56016820842615,7.16768976417216,7.13988989079671,4.90193572149258,8.02169792960585,4.94362685968306,7.8132151060071,7.54215068329204,4.09188059584517,6.69414924440721,8.10828387352207,4.81407442818662,4.24589697441255,7.50443920940422,4.32455469029518,7.43899378407557,7.42859352846418,"CCNE2"
5.59859164601676,5.55696181139872,5.08504525076779,4.93704111193486,5.44490728795952,4.77865940212691,5.60529192873991,4.64902333345661,5.3534230938895,5.4744845238613,5.68117005083359,5.40451760122018,5.65585477854314,5.63442336109894,4.79256575548172,4.69570640533861,5.9366824454061,5.37635408052197,4.79232448472502,4.8707663374955,4.86191696856631,5.00566496560636,5.58153677712096,5.17691589280877,5.36316954738832,5.40046349991892,5.38179015393471,5.50537795769928,4.93560858729587,5.48348412005967,5.72749739716442,4.97452512872657,5.51172201295322,5.65695546610323,5.54403080187835,4.74409164346434,"MDM2"
11.2240468986824,11.9596534159784,11.8468066690428,12.1421207375902,11.7477621052565,10.4746067638553,10.1871464644241,12.1611931161645,10.5112709062781,11.5978943041016,11.165454638097,11.2763839822222,11.3835984170165,10.5112400295949,12.4073293269092,11.4622411218739,11.1676609564691,10.5017530535489,12.3284842526861,12.3610545010587,12.5248747343316,12.6607417755356,9.27508142132709,11.7554407088436,9.23098919563289,11.7497044347987,11.6270716046772,10.4054025084577,12.542048567544,11.6464090594108,11.2956328324915,8.67112020643195,10.2545772995948,10.5919561052336,11.6259793925926,12.6158250805897,"VEGFA"
8.63168582944817,10.534259064037,9.67706574339513,8.75468942079979,10.2044890441089,7.76728675461825,10.1662798141636,9.0317030045451,7.94827867432046,10.4918845432778,8.39742077606564,10.5098471314015,10.5268048558106,10.7031311180474,8.4408946040138,8.94319476370807,9.00490236189172,8.39546618323291,8.43649924047349,9.03303169322837,9.15793318319509,9.14196954033599,9.23962980064052,9.25281764223345,9.05806743258189,10.0919499856786,10.1840590468344,8.14805238146262,8.57453234760594,10.2330687747,8.78257385410829,8.27809915368769,10.6152620435497,8.68051848598256,10.1443894323083,9.19345109955431,"CCNA2"
7.78534457402163,8.99489752397197,8.78415136131822,7.82139602398828,8.78635721473142,7.37706907083048,8.77489007985985,7.86894380996444,7.52575423416092,8.96679201006764,7.6044903399136,8.96331866556009,9.01067318821591,9.08332110447535,7.42069024866823,8.23473155617229,8.39557825407546,8.32597890930685,7.21906326968868,7.74021486999544,7.6818925154861,7.75683097664354,9.24084770750891,8.50731117556485,9.21147606808204,8.6584403518223,8.81758211934149,8.07304033445405,7.39267450566883,8.61350323239579,8.1504895417391,8.38004816937276,9.1721847499582,8.54281169797021,8.91970983431667,7.74808531411582,"CCNE1"
7.28834643778742,8.25221156547759,7.44185536140566,6.75087343741118,8.01748674570933,6.60468650595108,7.55015893584326,6.88700123539578,6.64412074071283,8.44785293553202,7.32872325566954,8.00125925665672,7.98321294872243,8.1817920104782,6.48559558452846,6.92425241605577,7.76711619189409,7.32802584494164,6.87665044084182,6.84312446128565,7.0622311276322,7.15315163763238,7.30011633017556,7.19472899288056,7.22745351600064,7.77442669696199,7.98132692600427,6.80970974465612,6.85116120765309,7.70600700509154,7.68018666186448,6.28070247691983,8.00174610979612,7.272224197343,7.99557759655863,7.0820396900599,"EP300"
7.80175500268862,6.91532558492491,6.58071904240104,6.1356429725436,6.56471075013793,7.44778219235482,6.28747885638188,6.30130060560992,7.91181780280827,7.0319275401701,7.61709056817785,6.86130635385707,6.52850750371978,7.37424123139561,6.39107942274398,5.99772919374656,8.44059990944565,7.63551139554442,6.37396807691161,6.27799492162013,6.46307173449368,6.49689913163661,6.07594013266652,6.4737551193783,5.86864869234589,6.61015487343997,6.56968447323991,7.32845405655452,6.04341559947059,6.84350487418516,7.76269258585044,5.01149177406525,6.49807118086423,7.72730352598359,6.70003611945874,6.54864217854022,"MCL1"
6.47478670660578,6.60754412458328,6.41764524548707,5.90297095692101,6.6666764040322,6.42289987423973,6.24858961825511,6.17779190092606,7.04523581539126,6.67506846954603,6.51198161762407,6.6776354406143,6.26598374556726,6.80630207851709,6.29782099336128,5.74075067517532,7.18976592788669,5.9328532575541,6.53323353416785,5.95040041012214,6.23358058608833,6.03303206627451,5.54636679532164,6.30155259775591,5.42718492921873,6.66398279314073,6.57089109030806,5.52312248403794,6.01683681463162,6.64865530398757,6.62135356061089,4.80633518656761,6.42758304356275,6.01433784017688,6.63273000853183,6.17409903523796,"MCL1"
9.17714577896354,11.3265687619088,10.6567710219325,9.79597315533664,11.1639984100739,8.62919135730253,11.1561397336394,9.87097193676609,8.85866053544944,11.451512944921,9.21161449205862,11.3231657733741,11.3231085118342,11.5088780718324,9.24477844650674,9.98198636699983,9.71388949072072,9.32801003398898,9.38403657780458,9.912067140987,9.84114299793962,9.8909018209769,10.160146886827,10.2361900284235,10.0861534171568,10.9630391533487,11.0790437773688,9.17772405625884,9.46154688455244,10.8056822861006,9.53979000784938,9.30780081076529,11.4910062800182,9.43362771083855,10.9648871868173,9.97735410266678,"CCNB1"
7.10990895518851,6.90405658398829,7.08829839477589,6.48463813379659,6.93731988884428,6.42764016348965,6.76706292451805,6.47120512139251,6.58025924835901,7.26045885917911,7.52981711688289,6.78698230519069,7.01561426513772,7.24640683028499,6.51383484176258,6.36876868283319,7.7942981801658,6.95815667361665,6.46975431711894,6.46770972103262,6.56223187448776,6.76751655301749,7.00154853517894,6.77705985245604,6.84162666298432,7.11243663434713,6.78116718758058,6.76455577261642,6.8108586633335,7.0557031739916,7.30985609466294,6.13602145550551,6.97727207705814,7.36066704496696,7.10921169983632,6.67668774651532,"MDM2"
4.65740485682962,5.1670592144211,4.53799651332126,4.28641995871413,4.93478447642588,3.99898118817444,4.84423720306242,4.06875261007419,3.95712031400384,5.06601267819281,5.03438934625757,5.34009784045233,4.92694534854246,4.94247148843172,3.92546991058736,4.29779053783378,5.0139365094269,4.07632687746512,4.07120336943891,4.12583703147493,4.22568933393872,4.2522914131271,4.94233015561787,4.65058024978786,4.64362484507598,4.7891327067056,4.65308575940997,4.31322112752998,4.20102890936974,4.73289319320918,5.05793756966365,3.87382862925579,5.09019280782645,4.20084506332004,4.76663904781272,4.39251551048656,"MDM2"
8.90093348909238,8.89075466194274,9.22786807938593,7.84975160712443,8.78147298197585,7.97400297276813,8.23467888870452,8.19600603868802,8.40933482440213,8.8922911727449,8.89275495758705,8.72430769176183,8.53441454145282,8.99077859573529,7.73780599592076,8.25442053727343,9.35214383570841,8.48738090766885,8.15842786101189,8.28159509288681,8.40186967486911,8.48918762832244,8.75171321705167,8.68957187546787,8.65471802230205,8.56527361458595,8.72952622519445,8.49501799263029,8.08227913653005,8.49187544535415,9.34012478521224,7.65841121360052,8.77580787353208,8.78898370388436,8.69269964818614,8.35928015655154,"MDM2"
6.04385683068478,6.74511383376319,6.11694024767034,5.34847400705333,6.69406586364439,5.44628411329467,6.22164423032901,5.7922195213337,5.76731113890977,6.89707431038187,6.20737085299189,6.52051869365328,6.61464731212207,6.96107979850422,5.47392232770447,5.36860347023253,6.61708085698129,5.62425178608771,5.60298751022154,5.58749119388442,5.33191058968575,5.65891862370902,5.42735896389079,5.79009868527771,5.00705281958984,6.81407527643041,6.37702879302355,5.07689165081223,5.57888588171119,6.58571386872,6.25671255427043,4.47829198375403,6.23154672181878,5.50225003869442,6.32850565615802,5.90275989791491,"MCL1"
7.03659092689283,9.99827160240439,8.23882433778521,7.36342958882964,9.8668164481717,5.53253868318938,9.65093225814826,7.33444006932051,6.2764485614723,10.0792215695904,6.93582347766777,9.93601946350277,9.98499038162078,10.0364317579019,6.9738278958094,7.3671702858745,7.50689538354113,7.05508838305354,6.67825530111033,7.54869370167372,7.45747660688309,7.46817135668826,8.19488696307262,7.86326820854274,7.82215209628027,9.23966646572669,9.63245753075702,6.8420443958399,6.70498397344659,9.43878276139227,7.29922852235511,6.90150236705784,9.97573602590335,7.20093938225613,9.44361377522762,7.64616667935625,"CCNB1"
8.29654860839731,7.6927942840901,8.01991567895872,6.90455249023618,7.6478351510772,7.43063102525194,7.0747098976718,7.01088053787381,7.53759874104874,7.77601347984036,7.94868249175274,7.66773468417653,7.83068578024006,7.91340035668931,6.69186587610871,7.31014657295389,8.44787042661959,7.70574466156364,6.94229924064604,7.13858867664367,7.1316725764526,7.23204183699715,8.06143785790433,7.78055971156061,7.83524560509225,7.40944920007965,7.49369507696804,7.68753963640596,6.82970401454518,7.5292152795659,8.4772603544543,7.27430661367919,7.6522599308223,7.76429229392026,7.49148919869498,7.03833362317407,"MDM2"
5.32367872112791,6.63167648617785,5.29378583640658,5.20868760394044,6.10486780726717,4.51448694284108,5.99287736361378,5.07979834260764,4.55490953694458,6.49493663724192,5.57695484794942,6.26959292352585,6.37243284615381,6.61539899533381,5.36235997906336,5.24167659888636,5.55517867385916,4.87038554599939,4.88307036700483,4.74104708252558,4.96963226400993,5.28237165427936,5.24633920423866,5.36941426221874,5.18546399162348,6.35038123460657,5.96495757084284,4.71544115981442,5.21878633666885,6.35264292801981,5.6926193621476,4.47298780718095,6.25385694197703,5.01076976528466,6.30404278033697,5.20638814312174,"CCND2"
7.2944000111379,7.63375678085152,7.38618807937691,7.01604723953435,7.92547619760047,6.68453084100401,7.29810209651028,6.99587823774723,6.66478516732102,7.75444505704516,7.51029360461771,7.54173457883307,7.70859968215309,8.07502577650746,7.10998782291187,7.065712182243,7.43781942876444,7.06100120340727,6.98213672343985,6.97416748041841,7.02681548636701,7.09480944341593,7.67627691308349,7.26983886629646,7.22100126200311,7.58082390341607,7.35880902529308,6.9178998579178,7.00619297142888,7.36446601513961,7.38439117673022,6.88701861069758,7.74697820291088,6.87146467072474,7.84810341781531,7.0486682533656,"BAD"
6.45005457400884,6.97199554495244,6.61138825549994,6.33892242171491,7.09840760452743,6.42287570906986,7.14040506220938,6.30472481652203,6.31470922453636,6.85576805743673,6.8595218291728,7.26790831422891,7.13617628855929,7.26631706515868,6.6747288001011,6.13770951246223,6.88653632236574,6.62615965490059,6.18916678917039,6.06453136557262,6.36162971391363,6.24216536640952,6.83053698544171,6.61871175826876,6.84245708214213,6.85549019606813,7.00284105144404,6.52312855599191,6.16375742352581,6.79823135212382,7.31538793793744,6.15064185706138,7.16097140792671,6.56064165057193,6.9682840530276,6.34444022559871,"CCNB2"
4.28968599037109,5.29141525660935,4.91358345137835,4.20790923232154,5.08105250162892,4.05550981635972,5.3365213699515,4.50661638322524,4.06916031509106,5.32774210692745,4.45166764844841,5.24960390393909,5.60707176127541,5.75780719341458,4.61300050478833,4.13958023094025,4.65403794695201,4.40584264274294,4.69012196752174,4.35666824862404,4.43338098069818,4.73625177404035,4.68647554153871,4.7760731119383,4.07805825066868,5.40715380127551,5.16464733735812,3.98658510898702,5.11104412823118,4.95343620255805,4.75029214263949,3.86115415242437,5.28782759678078,4.2862194221925,5.03768806336585,4.68789250058728,"CCNB2"
4.6119593656552,4.30669921840405,3.67274209396709,3.48275123379367,4.23671967406529,3.85741717871084,4.42217375881421,3.2369371272712,3.65637395155971,4.49908335972547,4.56569662787132,4.28891614997583,4.14401700363863,4.25872419227543,3.11580942336227,3.38380385211153,4.98930778320724,3.88728390422354,3.61974457571433,3.38067323972315,3.54638244294298,3.50285043598107,4.22643136541583,3.65232317176821,4.0908169494489,4.4657860242088,3.90781750174941,4.03057531949867,3.51125171582655,4.41724086358519,5.02169542330332,3.93585370652637,4.37485151914803,4.3630594097448,3.98496225619944,3.63298459587413,"MDM2"
4.23477469024418,4.49393482807209,5.09960628288783,4.19349370538123,4.53179592148486,3.5757561043532,4.51454948976474,4.21269958506616,3.58266173558821,4.46380473337972,4.36516948888452,4.47814788500438,4.51797658203533,4.76881062972882,4.33707200809843,4.23934183835062,4.25937737434151,3.73081430651678,4.21457835001543,4.22791716337167,4.6048669178548,4.05193717094603,4.1225475462029,4.80269122146019,4.14755534786758,4.4909295125435,4.36259890533179,3.45926970548967,4.46785246497852,4.57194612957487,4.54321264771223,3.60384319086945,4.60092864714888,4.13019509914531,4.41405948675683,4.94834236799684,"MDM2"
4.36674053887955,4.91056104691425,4.05001978466311,4.06551768701153,4.64799268767305,3.71993878644787,4.95907576714367,3.69861734232539,3.94427118635434,4.65240017666527,4.58760535720788,5.00566617862175,4.92580494236183,5.06626218751585,3.88554628914479,3.83416476798024,4.77392547038578,4.32579647407311,3.83915555111959,4.06030818163152,4.19793344454796,3.96041976124592,4.36671556542761,4.31175371663374,4.46317680733195,4.68658830143357,4.63330151317958,4.17619468832978,3.72117711527931,4.78821594350326,4.73702846667761,4.16849656427588,4.89685199328897,4.43211701260507,4.80113307913716,4.01919042607761,"EPAS1"
5.45249137041626,6.45332470979446,5.67481917004383,5.35304060413138,6.49030693841259,5.44910618611694,5.80924618628352,5.19897139432079,5.0208024370921,6.46986282665524,5.98678882030223,6.32859579839067,6.37124656602805,6.91086919386335,5.81271007529963,5.5236914819213,5.68003845853163,5.30342421907834,5.267339473513,5.3650108904749,5.24067515410314,5.50698835491086,5.50851082790235,5.68901619216802,5.44283693832301,5.83576292899245,6.16287125213837,5.5377941511837,5.56734557371376,6.58401737149484,5.96877759593194,4.77517760811589,6.37948240241168,5.73916365899577,6.6106497105199,5.41387292455747,"CCNE1"
8.0558658292659,8.45141042382387,7.68321163152519,7.59700812424168,8.38636289051661,7.36653088675644,8.32735681389463,7.5945539158806,7.49418243415482,8.51049221492401,8.06305561537297,8.41581336646986,8.44642405817481,8.72078227860753,7.58268493015383,7.63362931870155,8.12656886098017,7.98667005171611,7.63313452209436,7.48559771389593,7.43111179298768,7.64311057350852,8.24049337449812,7.87871107871273,7.93495061851375,8.25422285384218,8.22836014087633,7.56198435652387,7.43415355431325,8.93677016985015,8.29550786363599,7.32422352430554,8.4913454797009,7.88792466307424,8.2374574528295,7.75049553067038,"MDM2"
